[TsDigitalMultiMeterViewer Ver.19.0.0 : Auto save Log-1 [@HID Multimeter] : Date 05:11:48];Geoelectric Helix Radar;Geoelectric Helix Radar
 Elapsed time | Main Value               | Mode  | Date Time
     2:00'01" ; DC    ;  69,700 ;     mV ;       ; 05:11:48
     2:00'02" ; DC    ;  69,693 ;     mV ;       ; 05:11:49
     2:00'03" ; DC    ;  69,683 ;     mV ;       ; 05:11:50
     2:00'04" ; DC    ;  69,664 ;     mV ;       ; 05:11:51
     2:00'05" ; DC    ;  69,682 ;     mV ;       ; 05:11:52
     2:00'06" ; DC    ;  69,655 ;     mV ;       ; 05:11:53
     2:00'07" ; DC    ;  69,658 ;     mV ;       ; 05:11:54
     2:00'08" ; DC    ;  69,653 ;     mV ;       ; 05:11:55
     2:00'09" ; DC    ;  69,653 ;     mV ;       ; 05:11:56
     2:00'10" ; DC    ;  69,640 ;     mV ;       ; 05:11:57
     2:00'11" ; DC    ;  69,628 ;     mV ;       ; 05:11:58
     2:00'12" ; DC    ;  69,630 ;     mV ;       ; 05:11:59
     2:00'13" ; DC    ;  69,635 ;     mV ;       ; 05:12:00
     2:00'14" ; DC    ;  69,650 ;     mV ;       ; 05:12:01
     2:00'15" ; DC    ;  69,640 ;     mV ;       ; 05:12:02
     2:00'16" ; DC    ;  69,624 ;     mV ;       ; 05:12:03
     2:00'17" ; DC    ;  69,638 ;     mV ;       ; 05:12:04
     2:00'18" ; DC    ;  69,614 ;     mV ;       ; 05:12:05
     2:00'19" ; DC    ;  69,603 ;     mV ;       ; 05:12:06
     2:00'20" ; DC    ;  69,620 ;     mV ;       ; 05:12:07
     2:00'21" ; DC    ;  69,608 ;     mV ;       ; 05:12:08
     2:00'22" ; DC    ;  69,605 ;     mV ;       ; 05:12:09
     2:00'23" ; DC    ;  69,584 ;     mV ;       ; 05:12:10
     2:00'24" ; DC    ;  69,563 ;     mV ;       ; 05:12:11
     2:00'25" ; DC    ;  69,552 ;     mV ;       ; 05:12:12
     2:00'26" ; DC    ;  69,550 ;     mV ;       ; 05:12:13
     2:00'27" ; DC    ;  69,556 ;     mV ;       ; 05:12:14
     2:00'28" ; DC    ;  69,553 ;     mV ;       ; 05:12:15
     2:00'29" ; DC    ;  69,534 ;     mV ;       ; 05:12:16
     2:00'30" ; DC    ;  69,522 ;     mV ;       ; 05:12:17
     2:00'31" ; DC    ;  69,525 ;     mV ;       ; 05:12:18
     2:00'32" ; DC    ;  69,504 ;     mV ;       ; 05:12:19
     2:00'33" ; DC    ;  69,498 ;     mV ;       ; 05:12:20
     2:00'34" ; DC    ;  69,510 ;     mV ;       ; 05:12:21
     2:00'35" ; DC    ;  69,508 ;     mV ;       ; 05:12:22
     2:00'36" ; DC    ;  69,505 ;     mV ;       ; 05:12:23
     2:00'37" ; DC    ;  69,502 ;     mV ;       ; 05:12:24
     2:00'38" ; DC    ;  69,498 ;     mV ;       ; 05:12:25
     2:00'39" ; DC    ;  69,498 ;     mV ;       ; 05:12:26
     2:00'40" ; DC    ;  69,484 ;     mV ;       ; 05:12:27
     2:00'41" ; DC    ;  69,488 ;     mV ;       ; 05:12:28
     2:00'42" ; DC    ;  69,506 ;     mV ;       ; 05:12:29
     2:00'43" ; DC    ;  69,480 ;     mV ;       ; 05:12:30
     2:00'44" ; DC    ;  69,462 ;     mV ;       ; 05:12:31
     2:00'45" ; DC    ;  69,455 ;     mV ;       ; 05:12:32
     2:00'46" ; DC    ;  69,462 ;     mV ;       ; 05:12:33
     2:00'47" ; DC    ;  69,455 ;     mV ;       ; 05:12:34
     2:00'48" ; DC    ;  69,445 ;     mV ;       ; 05:12:35
     2:00'49" ; DC    ;  69,444 ;     mV ;       ; 05:12:36
     2:00'50" ; DC    ;  69,440 ;     mV ;       ; 05:12:37
     2:00'51" ; DC    ;  69,440 ;     mV ;       ; 05:12:38
     2:00'52" ; DC    ;  69,428 ;     mV ;       ; 05:12:39
     2:00'53" ; DC    ;  69,440 ;     mV ;       ; 05:12:40
     2:00'54" ; DC    ;  69,432 ;     mV ;       ; 05:12:41
     2:00'55" ; DC    ;  69,435 ;     mV ;       ; 05:12:42
     2:00'56" ; DC    ;  69,422 ;     mV ;       ; 05:12:43
     2:00'57" ; DC    ;  69,408 ;     mV ;       ; 05:12:44
     2:00'58" ; DC    ;  69,408 ;     mV ;       ; 05:12:45
     2:00'59" ; DC    ;  69,414 ;     mV ;       ; 05:12:46
     2:01'00" ; DC    ;  69,405 ;     mV ;       ; 05:12:47
     2:01'01" ; DC    ;  69,396 ;     mV ;       ; 05:12:48
     2:01'02" ; DC    ;  69,395 ;     mV ;       ; 05:12:49
     2:01'03" ; DC    ;  69,398 ;     mV ;       ; 05:12:50
     2:01'04" ; DC    ;  69,395 ;     mV ;       ; 05:12:51
     2:01'05" ; DC    ;  69,394 ;     mV ;       ; 05:12:52
     2:01'06" ; DC    ;  69,393 ;     mV ;       ; 05:12:53
     2:01'07" ; DC    ;  69,394 ;     mV ;       ; 05:12:54
     2:01'08" ; DC    ;  69,385 ;     mV ;       ; 05:12:55
     2:01'09" ; DC    ;  69,370 ;     mV ;       ; 05:12:56
     2:01'10" ; DC    ;  69,374 ;     mV ;       ; 05:12:57
     2:01'11" ; DC    ;  69,385 ;     mV ;       ; 05:12:58
     2:01'12" ; DC    ;  69,384 ;     mV ;       ; 05:12:59
     2:01'13" ; DC    ;  69,390 ;     mV ;       ; 05:13:00
     2:01'14" ; DC    ;  69,394 ;     mV ;       ; 05:13:01
     2:01'15" ; DC    ;  69,380 ;     mV ;       ; 05:13:02
     2:01'16" ; DC    ;  69,384 ;     mV ;       ; 05:13:03
     2:01'17" ; DC    ;  69,390 ;     mV ;       ; 05:13:04
     2:01'18" ; DC    ;  69,396 ;     mV ;       ; 05:13:05
     2:01'19" ; DC    ;  69,373 ;     mV ;       ; 05:13:06
     2:01'20" ; DC    ;  69,372 ;     mV ;       ; 05:13:07
     2:01'21" ; DC    ;  69,370 ;     mV ;       ; 05:13:08
     2:01'22" ; DC    ;  69,374 ;     mV ;       ; 05:13:09
     2:01'23" ; DC    ;  69,366 ;     mV ;       ; 05:13:10
     2:01'24" ; DC    ;  69,370 ;     mV ;       ; 05:13:11
     2:01'25" ; DC    ;  69,375 ;     mV ;       ; 05:13:12
     2:01'26" ; DC    ;  69,356 ;     mV ;       ; 05:13:13
     2:01'27" ; DC    ;  69,343 ;     mV ;       ; 05:13:14
     2:01'28" ; DC    ;  69,358 ;     mV ;       ; 05:13:15
     2:01'29" ; DC    ;  69,353 ;     mV ;       ; 05:13:16
     2:01'30" ; DC    ;  69,338 ;     mV ;       ; 05:13:17
     2:01'31" ; DC    ;  69,342 ;     mV ;       ; 05:13:18
     2:01'32" ; DC    ;  69,345 ;     mV ;       ; 05:13:19
     2:01'33" ; DC    ;  69,342 ;     mV ;       ; 05:13:20
     2:01'34" ; DC    ;  69,330 ;     mV ;       ; 05:13:21
     2:01'35" ; DC    ;  69,314 ;     mV ;       ; 05:13:22
     2:01'36" ; DC    ;  69,308 ;     mV ;       ; 05:13:23
     2:01'37" ; DC    ;  69,298 ;     mV ;       ; 05:13:24
     2:01'38" ; DC    ;  69,288 ;     mV ;       ; 05:13:25
     2:01'39" ; DC    ;  69,285 ;     mV ;       ; 05:13:26
     2:01'40" ; DC    ;  69,286 ;     mV ;       ; 05:13:27
     2:01'41" ; DC    ;  69,290 ;     mV ;       ; 05:13:28
     2:01'42" ; DC    ;  69,302 ;     mV ;       ; 05:13:29
     2:01'43" ; DC    ;  69,322 ;     mV ;       ; 05:13:30
     2:01'44" ; DC    ;  69,320 ;     mV ;       ; 05:13:31
     2:01'45" ; DC    ;  69,294 ;     mV ;       ; 05:13:32
     2:01'46" ; DC    ;  69,305 ;     mV ;       ; 05:13:33
     2:01'47" ; DC    ;  69,292 ;     mV ;       ; 05:13:34
     2:01'48" ; DC    ;  69,274 ;     mV ;       ; 05:13:35
     2:01'49" ; DC    ;  69,278 ;     mV ;       ; 05:13:36
     2:01'50" ; DC    ;  69,276 ;     mV ;       ; 05:13:37
     2:01'51" ; DC    ;  69,283 ;     mV ;       ; 05:13:38
     2:01'52" ; DC    ;  69,282 ;     mV ;       ; 05:13:39
     2:01'53" ; DC    ;  69,274 ;     mV ;       ; 05:13:40
     2:01'54" ; DC    ;  69,268 ;     mV ;       ; 05:13:41
     2:01'55" ; DC    ;  69,258 ;     mV ;       ; 05:13:42
     2:01'56" ; DC    ;  69,248 ;     mV ;       ; 05:13:43
     2:01'57" ; DC    ;  69,246 ;     mV ;       ; 05:13:44
     2:01'58" ; DC    ;  69,256 ;     mV ;       ; 05:13:45
     2:01'59" ; DC    ;  69,258 ;     mV ;       ; 05:13:46
     2:02'00" ; DC    ;  69,234 ;     mV ;       ; 05:13:47
     2:02'01" ; DC    ;  69,240 ;     mV ;       ; 05:13:48
     2:02'02" ; DC    ;  69,243 ;     mV ;       ; 05:13:49
     2:02'03" ; DC    ;  69,234 ;     mV ;       ; 05:13:50
     2:02'04" ; DC    ;  69,213 ;     mV ;       ; 05:13:51
     2:02'05" ; DC    ;  69,206 ;     mV ;       ; 05:13:52
     2:02'06" ; DC    ;  69,213 ;     mV ;       ; 05:13:53
     2:02'07" ; DC    ;  69,198 ;     mV ;       ; 05:13:54
     2:02'08" ; DC    ;  69,195 ;     mV ;       ; 05:13:55
     2:02'09" ; DC    ;  69,190 ;     mV ;       ; 05:13:56
     2:02'10" ; DC    ;  69,180 ;     mV ;       ; 05:13:57
     2:02'11" ; DC    ;  69,190 ;     mV ;       ; 05:13:58
     2:02'12" ; DC    ;  69,182 ;     mV ;       ; 05:13:59
     2:02'13" ; DC    ;  69,178 ;     mV ;       ; 05:14:00
     2:02'14" ; DC    ;  69,172 ;     mV ;       ; 05:14:01
     2:02'15" ; DC    ;  69,174 ;     mV ;       ; 05:14:02
     2:02'16" ; DC    ;  69,178 ;     mV ;       ; 05:14:03
     2:02'17" ; DC    ;  69,174 ;     mV ;       ; 05:14:04
     2:02'18" ; DC    ;  69,185 ;     mV ;       ; 05:14:05
     2:02'19" ; DC    ;  69,196 ;     mV ;       ; 05:14:06
     2:02'20" ; DC    ;  69,196 ;     mV ;       ; 05:14:07
     2:02'21" ; DC    ;  69,200 ;     mV ;       ; 05:14:08
     2:02'22" ; DC    ;  69,204 ;     mV ;       ; 05:14:09
     2:02'23" ; DC    ;  69,198 ;     mV ;       ; 05:14:10
     2:02'24" ; DC    ;  69,204 ;     mV ;       ; 05:14:11
     2:02'25" ; DC    ;  69,208 ;     mV ;       ; 05:14:12
     2:02'26" ; DC    ;  69,200 ;     mV ;       ; 05:14:13
     2:02'27" ; DC    ;  69,195 ;     mV ;       ; 05:14:14
     2:02'28" ; DC    ;  69,198 ;     mV ;       ; 05:14:15
     2:02'29" ; DC    ;  69,210 ;     mV ;       ; 05:14:16
     2:02'30" ; DC    ;  69,210 ;     mV ;       ; 05:14:17
     2:02'31" ; DC    ;  69,200 ;     mV ;       ; 05:14:18
     2:02'32" ; DC    ;  69,198 ;     mV ;       ; 05:14:19
     2:02'33" ; DC    ;  69,193 ;     mV ;       ; 05:14:20
     2:02'34" ; DC    ;  69,206 ;     mV ;       ; 05:14:21
     2:02'35" ; DC    ;  69,198 ;     mV ;       ; 05:14:22
     2:02'36" ; DC    ;  69,196 ;     mV ;       ; 05:14:23
     2:02'37" ; DC    ;  69,194 ;     mV ;       ; 05:14:24
     2:02'38" ; DC    ;  69,190 ;     mV ;       ; 05:14:25
     2:02'39" ; DC    ;  69,195 ;     mV ;       ; 05:14:26
     2:02'40" ; DC    ;  69,184 ;     mV ;       ; 05:14:27
     2:02'41" ; DC    ;  69,190 ;     mV ;       ; 05:14:28
     2:02'42" ; DC    ;  69,200 ;     mV ;       ; 05:14:29
     2:02'43" ; DC    ;  69,185 ;     mV ;       ; 05:14:30
     2:02'44" ; DC    ;  69,196 ;     mV ;       ; 05:14:31
     2:02'45" ; DC    ;  69,220 ;     mV ;       ; 05:14:32
     2:02'46" ; DC    ;  69,224 ;     mV ;       ; 05:14:33
     2:02'47" ; DC    ;  69,196 ;     mV ;       ; 05:14:34
     2:02'48" ; DC    ;  69,195 ;     mV ;       ; 05:14:35
     2:02'49" ; DC    ;  69,216 ;     mV ;       ; 05:14:36
     2:02'50" ; DC    ;  69,213 ;     mV ;       ; 05:14:37
     2:02'51" ; DC    ;  69,208 ;     mV ;       ; 05:14:38
     2:02'52" ; DC    ;  69,205 ;     mV ;       ; 05:14:39
     2:02'53" ; DC    ;  69,208 ;     mV ;       ; 05:14:40
     2:02'54" ; DC    ;  69,198 ;     mV ;       ; 05:14:41
     2:02'55" ; DC    ;  69,194 ;     mV ;       ; 05:14:42
     2:02'56" ; DC    ;  69,205 ;     mV ;       ; 05:14:43
     2:02'57" ; DC    ;  69,218 ;     mV ;       ; 05:14:44
     2:02'58" ; DC    ;  69,215 ;     mV ;       ; 05:14:45
     2:02'59" ; DC    ;  69,216 ;     mV ;       ; 05:14:46
     2:03'00" ; DC    ;  69,226 ;     mV ;       ; 05:14:47
     2:03'01" ; DC    ;  69,203 ;     mV ;       ; 05:14:48
     2:03'02" ; DC    ;  69,202 ;     mV ;       ; 05:14:49
     2:03'03" ; DC    ;  69,188 ;     mV ;       ; 05:14:50
     2:03'04" ; DC    ;  69,203 ;     mV ;       ; 05:14:51
     2:03'05" ; DC    ;  69,196 ;     mV ;       ; 05:14:52
     2:03'06" ; DC    ;  69,202 ;     mV ;       ; 05:14:53
     2:03'07" ; DC    ;  69,198 ;     mV ;       ; 05:14:54
     2:03'08" ; DC    ;  69,184 ;     mV ;       ; 05:14:55
     2:03'09" ; DC    ;  69,180 ;     mV ;       ; 05:14:56
     2:03'10" ; DC    ;  69,173 ;     mV ;       ; 05:14:57
     2:03'11" ; DC    ;  69,168 ;     mV ;       ; 05:14:58
     2:03'12" ; DC    ;  69,170 ;     mV ;       ; 05:14:59
     2:03'13" ; DC    ;  69,165 ;     mV ;       ; 05:15:00
     2:03'14" ; DC    ;  69,154 ;     mV ;       ; 05:15:01
     2:03'15" ; DC    ;  69,164 ;     mV ;       ; 05:15:02
     2:03'16" ; DC    ;  69,160 ;     mV ;       ; 05:15:03
     2:03'17" ; DC    ;  69,162 ;     mV ;       ; 05:15:04
     2:03'18" ; DC    ;  69,153 ;     mV ;       ; 05:15:05
     2:03'19" ; DC    ;  69,150 ;     mV ;       ; 05:15:06
     2:03'20" ; DC    ;  69,142 ;     mV ;       ; 05:15:07
     2:03'21" ; DC    ;  69,130 ;     mV ;       ; 05:15:08
     2:03'22" ; DC    ;  69,146 ;     mV ;       ; 05:15:09
     2:03'23" ; DC    ;  69,123 ;     mV ;       ; 05:15:10
     2:03'24" ; DC    ;  69,120 ;     mV ;       ; 05:15:11
     2:03'25" ; DC    ;  69,124 ;     mV ;       ; 05:15:12
     2:03'26" ; DC    ;  69,115 ;     mV ;       ; 05:15:13
     2:03'27" ; DC    ;  69,124 ;     mV ;       ; 05:15:14
     2:03'28" ; DC    ;  69,118 ;     mV ;       ; 05:15:15
     2:03'29" ; DC    ;  69,113 ;     mV ;       ; 05:15:16
     2:03'30" ; DC    ;  69,108 ;     mV ;       ; 05:15:17
     2:03'31" ; DC    ;  69,105 ;     mV ;       ; 05:15:18
     2:03'32" ; DC    ;  69,090 ;     mV ;       ; 05:15:19
     2:03'33" ; DC    ;  69,088 ;     mV ;       ; 05:15:20
     2:03'34" ; DC    ;  69,090 ;     mV ;       ; 05:15:21
     2:03'35" ; DC    ;  69,088 ;     mV ;       ; 05:15:22
     2:03'36" ; DC    ;  69,092 ;     mV ;       ; 05:15:23
     2:03'37" ; DC    ;  69,083 ;     mV ;       ; 05:15:24
     2:03'38" ; DC    ;  69,083 ;     mV ;       ; 05:15:25
     2:03'39" ; DC    ;  69,070 ;     mV ;       ; 05:15:26
     2:03'40" ; DC    ;  69,076 ;     mV ;       ; 05:15:27
     2:03'41" ; DC    ;  69,083 ;     mV ;       ; 05:15:28
     2:03'42" ; DC    ;  69,084 ;     mV ;       ; 05:15:29
     2:03'43" ; DC    ;  69,078 ;     mV ;       ; 05:15:30
     2:03'44" ; DC    ;  69,064 ;     mV ;       ; 05:15:31
     2:03'45" ; DC    ;  69,060 ;     mV ;       ; 05:15:32
     2:03'46" ; DC    ;  69,082 ;     mV ;       ; 05:15:33
     2:03'47" ; DC    ;  69,076 ;     mV ;       ; 05:15:34
     2:03'48" ; DC    ;  69,068 ;     mV ;       ; 05:15:35
     2:03'49" ; DC    ;  69,070 ;     mV ;       ; 05:15:36
     2:03'50" ; DC    ;  69,053 ;     mV ;       ; 05:15:37
     2:03'51" ; DC    ;  69,050 ;     mV ;       ; 05:15:38
     2:03'52" ; DC    ;  69,053 ;     mV ;       ; 05:15:39
     2:03'53" ; DC    ;  69,042 ;     mV ;       ; 05:15:40
     2:03'54" ; DC    ;  69,033 ;     mV ;       ; 05:15:41
     2:03'55" ; DC    ;  69,034 ;     mV ;       ; 05:15:42
     2:03'56" ; DC    ;  69,035 ;     mV ;       ; 05:15:43
     2:03'57" ; DC    ;  69,044 ;     mV ;       ; 05:15:44
     2:03'58" ; DC    ;  69,040 ;     mV ;       ; 05:15:45
     2:03'59" ; DC    ;  69,024 ;     mV ;       ; 05:15:46
     2:04'00" ; DC    ;  69,035 ;     mV ;       ; 05:15:47
     2:04'01" ; DC    ;  69,032 ;     mV ;       ; 05:15:48
     2:04'02" ; DC    ;  69,040 ;     mV ;       ; 05:15:49
     2:04'03" ; DC    ;  69,035 ;     mV ;       ; 05:15:50
     2:04'04" ; DC    ;  69,020 ;     mV ;       ; 05:15:51
     2:04'05" ; DC    ;  69,025 ;     mV ;       ; 05:15:52
     2:04'06" ; DC    ;  69,030 ;     mV ;       ; 05:15:53
     2:04'07" ; DC    ;  69,018 ;     mV ;       ; 05:15:54
     2:04'08" ; DC    ;  69,018 ;     mV ;       ; 05:15:55
     2:04'09" ; DC    ;  69,026 ;     mV ;       ; 05:15:56
     2:04'10" ; DC    ;  69,038 ;     mV ;       ; 05:15:57
     2:04'11" ; DC    ;  69,023 ;     mV ;       ; 05:15:58
     2:04'12" ; DC    ;  69,028 ;     mV ;       ; 05:15:59
     2:04'13" ; DC    ;  69,018 ;     mV ;       ; 05:16:00
     2:04'14" ; DC    ;  69,023 ;     mV ;       ; 05:16:01
     2:04'15" ; DC    ;  69,018 ;     mV ;       ; 05:16:02
     2:04'16" ; DC    ;  69,028 ;     mV ;       ; 05:16:03
     2:04'17" ; DC    ;  69,005 ;     mV ;       ; 05:16:04
     2:04'18" ; DC    ;  69,012 ;     mV ;       ; 05:16:05
     2:04'19" ; DC    ;  69,013 ;     mV ;       ; 05:16:06
     2:04'20" ; DC    ;  69,004 ;     mV ;       ; 05:16:07
     2:04'21" ; DC    ;  69,003 ;     mV ;       ; 05:16:08
     2:04'22" ; DC    ;  68,998 ;     mV ;       ; 05:16:09
     2:04'23" ; DC    ;  68,983 ;     mV ;       ; 05:16:10
     2:04'24" ; DC    ;  68,982 ;     mV ;       ; 05:16:11
     2:04'25" ; DC    ;  68,968 ;     mV ;       ; 05:16:12
     2:04'26" ; DC    ;  68,964 ;     mV ;       ; 05:16:13
     2:04'27" ; DC    ;  68,963 ;     mV ;       ; 05:16:14
     2:04'28" ; DC    ;  68,952 ;     mV ;       ; 05:16:15
     2:04'29" ; DC    ;  68,955 ;     mV ;       ; 05:16:16
     2:04'30" ; DC    ;  68,960 ;     mV ;       ; 05:16:17
     2:04'31" ; DC    ;  68,960 ;     mV ;       ; 05:16:18
     2:04'32" ; DC    ;  68,958 ;     mV ;       ; 05:16:19
     2:04'33" ; DC    ;  68,948 ;     mV ;       ; 05:16:20
     2:04'34" ; DC    ;  68,940 ;     mV ;       ; 05:16:21
     2:04'35" ; DC    ;  68,943 ;     mV ;       ; 05:16:22
     2:04'36" ; DC    ;  68,952 ;     mV ;       ; 05:16:23
     2:04'37" ; DC    ;  68,953 ;     mV ;       ; 05:16:24
     2:04'38" ; DC    ;  68,960 ;     mV ;       ; 05:16:25
     2:04'39" ; DC    ;  68,960 ;     mV ;       ; 05:16:26
     2:04'40" ; DC    ;  68,953 ;     mV ;       ; 05:16:27
     2:04'41" ; DC    ;  68,935 ;     mV ;       ; 05:16:28
     2:04'42" ; DC    ;  68,926 ;     mV ;       ; 05:16:29
     2:04'43" ; DC    ;  68,930 ;     mV ;       ; 05:16:30
     2:04'44" ; DC    ;  68,930 ;     mV ;       ; 05:16:31
     2:04'45" ; DC    ;  68,944 ;     mV ;       ; 05:16:32
     2:04'46" ; DC    ;  68,953 ;     mV ;       ; 05:16:33
     2:04'47" ; DC    ;  68,940 ;     mV ;       ; 05:16:34
     2:04'48" ; DC    ;  68,942 ;     mV ;       ; 05:16:35
     2:04'49" ; DC    ;  68,946 ;     mV ;       ; 05:16:36
     2:04'50" ; DC    ;  68,930 ;     mV ;       ; 05:16:37
     2:04'51" ; DC    ;  68,922 ;     mV ;       ; 05:16:38
     2:04'52" ; DC    ;  68,895 ;     mV ;       ; 05:16:39
     2:04'53" ; DC    ;  68,924 ;     mV ;       ; 05:16:40
     2:04'54" ; DC    ;  68,930 ;     mV ;       ; 05:16:41
     2:04'55" ; DC    ;  68,924 ;     mV ;       ; 05:16:42
     2:04'56" ; DC    ;  68,932 ;     mV ;       ; 05:16:43
     2:04'57" ; DC    ;  68,943 ;     mV ;       ; 05:16:44
     2:04'58" ; DC    ;  68,932 ;     mV ;       ; 05:16:45
     2:04'59" ; DC    ;  68,935 ;     mV ;       ; 05:16:46
     2:05'00" ; DC    ;  68,938 ;     mV ;       ; 05:16:47
     2:05'01" ; DC    ;  68,920 ;     mV ;       ; 05:16:48
     2:05'02" ; DC    ;  68,920 ;     mV ;       ; 05:16:49
     2:05'03" ; DC    ;  68,938 ;     mV ;       ; 05:16:50
     2:05'04" ; DC    ;  68,923 ;     mV ;       ; 05:16:51
     2:05'05" ; DC    ;  68,930 ;     mV ;       ; 05:16:52
     2:05'06" ; DC    ;  68,915 ;     mV ;       ; 05:16:53
     2:05'07" ; DC    ;  68,896 ;     mV ;       ; 05:16:54
     2:05'08" ; DC    ;  68,898 ;     mV ;       ; 05:16:55
     2:05'09" ; DC    ;  68,908 ;     mV ;       ; 05:16:56
     2:05'10" ; DC    ;  68,894 ;     mV ;       ; 05:16:57
     2:05'11" ; DC    ;  68,885 ;     mV ;       ; 05:16:58
     2:05'12" ; DC    ;  68,895 ;     mV ;       ; 05:16:59
     2:05'13" ; DC    ;  68,892 ;     mV ;       ; 05:17:00
     2:05'14" ; DC    ;  68,896 ;     mV ;       ; 05:17:01
     2:05'15" ; DC    ;  68,888 ;     mV ;       ; 05:17:02
     2:05'16" ; DC    ;  68,882 ;     mV ;       ; 05:17:03
     2:05'17" ; DC    ;  68,893 ;     mV ;       ; 05:17:04
     2:05'18" ; DC    ;  68,890 ;     mV ;       ; 05:17:05
     2:05'19" ; DC    ;  68,900 ;     mV ;       ; 05:17:06
     2:05'20" ; DC    ;  68,888 ;     mV ;       ; 05:17:07
     2:05'21" ; DC    ;  68,886 ;     mV ;       ; 05:17:08
     2:05'22" ; DC    ;  68,885 ;     mV ;       ; 05:17:09
     2:05'23" ; DC    ;  68,886 ;     mV ;       ; 05:17:10
     2:05'24" ; DC    ;  68,872 ;     mV ;       ; 05:17:11
     2:05'25" ; DC    ;  68,855 ;     mV ;       ; 05:17:12
     2:05'26" ; DC    ;  68,864 ;     mV ;       ; 05:17:13
     2:05'27" ; DC    ;  68,858 ;     mV ;       ; 05:17:14
     2:05'28" ; DC    ;  68,856 ;     mV ;       ; 05:17:15
     2:05'29" ; DC    ;  68,858 ;     mV ;       ; 05:17:16
     2:05'30" ; DC    ;  68,852 ;     mV ;       ; 05:17:17
     2:05'31" ; DC    ;  68,844 ;     mV ;       ; 05:17:18
     2:05'32" ; DC    ;  68,840 ;     mV ;       ; 05:17:19
     2:05'33" ; DC    ;  68,844 ;     mV ;       ; 05:17:20
     2:05'34" ; DC    ;  68,878 ;     mV ;       ; 05:17:21
     2:05'35" ; DC    ;  68,880 ;     mV ;       ; 05:17:22
     2:05'36" ; DC    ;  68,875 ;     mV ;       ; 05:17:23
     2:05'37" ; DC    ;  68,854 ;     mV ;       ; 05:17:24
     2:05'38" ; DC    ;  68,855 ;     mV ;       ; 05:17:25
     2:05'39" ; DC    ;  68,822 ;     mV ;       ; 05:17:26
     2:05'40" ; DC    ;  68,820 ;     mV ;       ; 05:17:27
     2:05'41" ; DC    ;  68,828 ;     mV ;       ; 05:17:28
     2:05'42" ; DC    ;  68,842 ;     mV ;       ; 05:17:29
     2:05'43" ; DC    ;  68,843 ;     mV ;       ; 05:17:30
     2:05'44" ; DC    ;  68,832 ;     mV ;       ; 05:17:31
     2:05'45" ; DC    ;  68,828 ;     mV ;       ; 05:17:32
     2:05'46" ; DC    ;  68,830 ;     mV ;       ; 05:17:33
     2:05'47" ; DC    ;  68,810 ;     mV ;       ; 05:17:34
     2:05'48" ; DC    ;  68,803 ;     mV ;       ; 05:17:35
     2:05'49" ; DC    ;  68,794 ;     mV ;       ; 05:17:36
     2:05'50" ; DC    ;  68,813 ;     mV ;       ; 05:17:37
     2:05'51" ; DC    ;  68,836 ;     mV ;       ; 05:17:38
     2:05'52" ; DC    ;  68,850 ;     mV ;       ; 05:17:39
     2:05'53" ; DC    ;  68,846 ;     mV ;       ; 05:17:40
     2:05'54" ; DC    ;  68,840 ;     mV ;       ; 05:17:41
     2:05'55" ; DC    ;  68,835 ;     mV ;       ; 05:17:42
     2:05'56" ; DC    ;  68,842 ;     mV ;       ; 05:17:43
     2:05'57" ; DC    ;  68,835 ;     mV ;       ; 05:17:44
     2:05'58" ; DC    ;  68,846 ;     mV ;       ; 05:17:45
     2:05'59" ; DC    ;  68,840 ;     mV ;       ; 05:17:46
     2:06'00" ; DC    ;  68,835 ;     mV ;       ; 05:17:47
     2:06'01" ; DC    ;  68,836 ;     mV ;       ; 05:17:48
     2:06'02" ; DC    ;  68,823 ;     mV ;       ; 05:17:49
     2:06'03" ; DC    ;  68,818 ;     mV ;       ; 05:17:50
     2:06'04" ; DC    ;  68,812 ;     mV ;       ; 05:17:51
     2:06'05" ; DC    ;  68,810 ;     mV ;       ; 05:17:52
     2:06'06" ; DC    ;  68,815 ;     mV ;       ; 05:17:53
     2:06'07" ; DC    ;  68,806 ;     mV ;       ; 05:17:54
     2:06'08" ; DC    ;  68,788 ;     mV ;       ; 05:17:55
     2:06'09" ; DC    ;  68,795 ;     mV ;       ; 05:17:56
     2:06'10" ; DC    ;  68,800 ;     mV ;       ; 05:17:57
     2:06'11" ; DC    ;  68,800 ;     mV ;       ; 05:17:58
     2:06'12" ; DC    ;  68,793 ;     mV ;       ; 05:17:59
     2:06'13" ; DC    ;  68,788 ;     mV ;       ; 05:18:00
     2:06'14" ; DC    ;  68,776 ;     mV ;       ; 05:18:01
     2:06'15" ; DC    ;  68,770 ;     mV ;       ; 05:18:02
     2:06'16" ; DC    ;  68,776 ;     mV ;       ; 05:18:03
     2:06'17" ; DC    ;  68,756 ;     mV ;       ; 05:18:04
     2:06'18" ; DC    ;  68,773 ;     mV ;       ; 05:18:05
     2:06'19" ; DC    ;  68,756 ;     mV ;       ; 05:18:06
     2:06'20" ; DC    ;  68,758 ;     mV ;       ; 05:18:07
     2:06'21" ; DC    ;  68,754 ;     mV ;       ; 05:18:08
     2:06'22" ; DC    ;  68,773 ;     mV ;       ; 05:18:09
     2:06'23" ; DC    ;  68,778 ;     mV ;       ; 05:18:10
     2:06'24" ; DC    ;  68,768 ;     mV ;       ; 05:18:11
     2:06'25" ; DC    ;  68,764 ;     mV ;       ; 05:18:12
     2:06'26" ; DC    ;  68,778 ;     mV ;       ; 05:18:13
     2:06'27" ; DC    ;  68,774 ;     mV ;       ; 05:18:14
     2:06'28" ; DC    ;  68,783 ;     mV ;       ; 05:18:15
     2:06'29" ; DC    ;  68,778 ;     mV ;       ; 05:18:16
     2:06'30" ; DC    ;  68,760 ;     mV ;       ; 05:18:17
     2:06'31" ; DC    ;  68,752 ;     mV ;       ; 05:18:18
     2:06'32" ; DC    ;  68,753 ;     mV ;       ; 05:18:19
     2:06'33" ; DC    ;  68,750 ;     mV ;       ; 05:18:20
     2:06'34" ; DC    ;  68,740 ;     mV ;       ; 05:18:21
     2:06'35" ; DC    ;  68,730 ;     mV ;       ; 05:18:22
     2:06'36" ; DC    ;  68,714 ;     mV ;       ; 05:18:23
     2:06'37" ; DC    ;  68,718 ;     mV ;       ; 05:18:24
     2:06'38" ; DC    ;  68,702 ;     mV ;       ; 05:18:25
     2:06'39" ; DC    ;  68,708 ;     mV ;       ; 05:18:26
     2:06'40" ; DC    ;  68,702 ;     mV ;       ; 05:18:27
     2:06'41" ; DC    ;  68,713 ;     mV ;       ; 05:18:28
     2:06'42" ; DC    ;  68,710 ;     mV ;       ; 05:18:29
     2:06'43" ; DC    ;  68,705 ;     mV ;       ; 05:18:30
     2:06'44" ; DC    ;  68,700 ;     mV ;       ; 05:18:31
     2:06'45" ; DC    ;  68,680 ;     mV ;       ; 05:18:32
     2:06'46" ; DC    ;  68,692 ;     mV ;       ; 05:18:33
     2:06'47" ; DC    ;  68,676 ;     mV ;       ; 05:18:34
     2:06'48" ; DC    ;  68,680 ;     mV ;       ; 05:18:35
     2:06'49" ; DC    ;  68,678 ;     mV ;       ; 05:18:36
     2:06'50" ; DC    ;  68,665 ;     mV ;       ; 05:18:37
     2:06'51" ; DC    ;  68,645 ;     mV ;       ; 05:18:38
     2:06'52" ; DC    ;  68,642 ;     mV ;       ; 05:18:39
     2:06'53" ; DC    ;  68,638 ;     mV ;       ; 05:18:40
     2:06'54" ; DC    ;  68,650 ;     mV ;       ; 05:18:41
     2:06'55" ; DC    ;  68,660 ;     mV ;       ; 05:18:42
     2:06'56" ; DC    ;  68,665 ;     mV ;       ; 05:18:43
     2:06'57" ; DC    ;  68,662 ;     mV ;       ; 05:18:44
     2:06'58" ; DC    ;  68,663 ;     mV ;       ; 05:18:45
     2:06'59" ; DC    ;  68,654 ;     mV ;       ; 05:18:46
     2:07'00" ; DC    ;  68,636 ;     mV ;       ; 05:18:47
     2:07'01" ; DC    ;  68,643 ;     mV ;       ; 05:18:48
     2:07'02" ; DC    ;  68,646 ;     mV ;       ; 05:18:49
     2:07'03" ; DC    ;  68,645 ;     mV ;       ; 05:18:50
     2:07'04" ; DC    ;  68,638 ;     mV ;       ; 05:18:51
     2:07'05" ; DC    ;  68,643 ;     mV ;       ; 05:18:52
     2:07'06" ; DC    ;  68,646 ;     mV ;       ; 05:18:53
     2:07'07" ; DC    ;  68,630 ;     mV ;       ; 05:18:54
     2:07'08" ; DC    ;  68,622 ;     mV ;       ; 05:18:55
     2:07'09" ; DC    ;  68,616 ;     mV ;       ; 05:18:56
     2:07'10" ; DC    ;  68,630 ;     mV ;       ; 05:18:57
     2:07'11" ; DC    ;  68,640 ;     mV ;       ; 05:18:58
     2:07'12" ; DC    ;  68,635 ;     mV ;       ; 05:18:59
     2:07'13" ; DC    ;  68,636 ;     mV ;       ; 05:19:00
     2:07'14" ; DC    ;  68,638 ;     mV ;       ; 05:19:01
     2:07'15" ; DC    ;  68,633 ;     mV ;       ; 05:19:02
     2:07'16" ; DC    ;  68,620 ;     mV ;       ; 05:19:03
     2:07'17" ; DC    ;  68,625 ;     mV ;       ; 05:19:04
     2:07'18" ; DC    ;  68,626 ;     mV ;       ; 05:19:05
     2:07'19" ; DC    ;  68,625 ;     mV ;       ; 05:19:06
     2:07'20" ; DC    ;  68,630 ;     mV ;       ; 05:19:07
     2:07'21" ; DC    ;  68,615 ;     mV ;       ; 05:19:08
     2:07'22" ; DC    ;  68,622 ;     mV ;       ; 05:19:09
     2:07'23" ; DC    ;  68,625 ;     mV ;       ; 05:19:10
     2:07'24" ; DC    ;  68,618 ;     mV ;       ; 05:19:11
     2:07'25" ; DC    ;  68,635 ;     mV ;       ; 05:19:12
     2:07'26" ; DC    ;  68,632 ;     mV ;       ; 05:19:13
     2:07'27" ; DC    ;  68,608 ;     mV ;       ; 05:19:14
     2:07'28" ; DC    ;  68,625 ;     mV ;       ; 05:19:15
     2:07'29" ; DC    ;  68,615 ;     mV ;       ; 05:19:16
     2:07'30" ; DC    ;  68,592 ;     mV ;       ; 05:19:17
     2:07'31" ; DC    ;  68,600 ;     mV ;       ; 05:19:18
     2:07'32" ; DC    ;  68,600 ;     mV ;       ; 05:19:19
     2:07'33" ; DC    ;  68,592 ;     mV ;       ; 05:19:20
     2:07'34" ; DC    ;  68,605 ;     mV ;       ; 05:19:21
     2:07'35" ; DC    ;  68,604 ;     mV ;       ; 05:19:22
     2:07'36" ; DC    ;  68,618 ;     mV ;       ; 05:19:23
     2:07'37" ; DC    ;  68,604 ;     mV ;       ; 05:19:24
     2:07'38" ; DC    ;  68,603 ;     mV ;       ; 05:19:25
     2:07'39" ; DC    ;  68,624 ;     mV ;       ; 05:19:26
     2:07'40" ; DC    ;  68,612 ;     mV ;       ; 05:19:27
     2:07'41" ; DC    ;  68,615 ;     mV ;       ; 05:19:28
     2:07'42" ; DC    ;  68,602 ;     mV ;       ; 05:19:29
     2:07'43" ; DC    ;  68,603 ;     mV ;       ; 05:19:30
     2:07'44" ; DC    ;  68,608 ;     mV ;       ; 05:19:31
     2:07'45" ; DC    ;  68,602 ;     mV ;       ; 05:19:32
     2:07'46" ; DC    ;  68,600 ;     mV ;       ; 05:19:33
     2:07'47" ; DC    ;  68,588 ;     mV ;       ; 05:19:34
     2:07'48" ; DC    ;  68,580 ;     mV ;       ; 05:19:35
     2:07'49" ; DC    ;  68,582 ;     mV ;       ; 05:19:36
     2:07'50" ; DC    ;  68,578 ;     mV ;       ; 05:19:37
     2:07'51" ; DC    ;  68,564 ;     mV ;       ; 05:19:38
     2:07'52" ; DC    ;  68,558 ;     mV ;       ; 05:19:39
     2:07'53" ; DC    ;  68,538 ;     mV ;       ; 05:19:40
     2:07'54" ; DC    ;  68,533 ;     mV ;       ; 05:19:41
     2:07'55" ; DC    ;  68,568 ;     mV ;       ; 05:19:42
     2:07'56" ; DC    ;  68,588 ;     mV ;       ; 05:19:43
     2:07'57" ; DC    ;  68,572 ;     mV ;       ; 05:19:44
     2:07'58" ; DC    ;  68,574 ;     mV ;       ; 05:19:45
     2:07'59" ; DC    ;  68,580 ;     mV ;       ; 05:19:46
     2:08'00" ; DC    ;  68,582 ;     mV ;       ; 05:19:47
     2:08'01" ; DC    ;  68,593 ;     mV ;       ; 05:19:48
     2:08'02" ; DC    ;  68,588 ;     mV ;       ; 05:19:49
     2:08'03" ; DC    ;  68,590 ;     mV ;       ; 05:19:50
     2:08'04" ; DC    ;  68,596 ;     mV ;       ; 05:19:51
     2:08'05" ; DC    ;  68,594 ;     mV ;       ; 05:19:52
     2:08'06" ; DC    ;  68,600 ;     mV ;       ; 05:19:53
     2:08'07" ; DC    ;  68,608 ;     mV ;       ; 05:19:54
     2:08'08" ; DC    ;  68,588 ;     mV ;       ; 05:19:55
     2:08'09" ; DC    ;  68,588 ;     mV ;       ; 05:19:56
     2:08'10" ; DC    ;  68,588 ;     mV ;       ; 05:19:57
     2:08'11" ; DC    ;  68,592 ;     mV ;       ; 05:19:58
     2:08'12" ; DC    ;  68,595 ;     mV ;       ; 05:19:59
     2:08'13" ; DC    ;  68,588 ;     mV ;       ; 05:20:00
     2:08'14" ; DC    ;  68,568 ;     mV ;       ; 05:20:01
     2:08'15" ; DC    ;  68,574 ;     mV ;       ; 05:20:02
     2:08'16" ; DC    ;  68,554 ;     mV ;       ; 05:20:03
     2:08'17" ; DC    ;  68,543 ;     mV ;       ; 05:20:04
     2:08'18" ; DC    ;  68,548 ;     mV ;       ; 05:20:05
     2:08'19" ; DC    ;  68,550 ;     mV ;       ; 05:20:06
     2:08'20" ; DC    ;  68,556 ;     mV ;       ; 05:20:07
     2:08'21" ; DC    ;  68,548 ;     mV ;       ; 05:20:08
     2:08'22" ; DC    ;  68,542 ;     mV ;       ; 05:20:09
     2:08'23" ; DC    ;  68,535 ;     mV ;       ; 05:20:10
     2:08'24" ; DC    ;  68,526 ;     mV ;       ; 05:20:11
     2:08'25" ; DC    ;  68,553 ;     mV ;       ; 05:20:12
     2:08'26" ; DC    ;  68,566 ;     mV ;       ; 05:20:13
     2:08'27" ; DC    ;  68,555 ;     mV ;       ; 05:20:14
     2:08'28" ; DC    ;  68,552 ;     mV ;       ; 05:20:15
     2:08'29" ; DC    ;  68,555 ;     mV ;       ; 05:20:16
     2:08'30" ; DC    ;  68,546 ;     mV ;       ; 05:20:17
     2:08'31" ; DC    ;  68,548 ;     mV ;       ; 05:20:18
     2:08'32" ; DC    ;  68,534 ;     mV ;       ; 05:20:19
     2:08'33" ; DC    ;  68,520 ;     mV ;       ; 05:20:20
     2:08'34" ; DC    ;  68,500 ;     mV ;       ; 05:20:21
     2:08'35" ; DC    ;  68,498 ;     mV ;       ; 05:20:22
     2:08'36" ; DC    ;  68,505 ;     mV ;       ; 05:20:23
     2:08'37" ; DC    ;  68,502 ;     mV ;       ; 05:20:24
     2:08'38" ; DC    ;  68,528 ;     mV ;       ; 05:20:25
     2:08'39" ; DC    ;  68,530 ;     mV ;       ; 05:20:26
     2:08'40" ; DC    ;  68,530 ;     mV ;       ; 05:20:27
     2:08'41" ; DC    ;  68,535 ;     mV ;       ; 05:20:28
     2:08'42" ; DC    ;  68,556 ;     mV ;       ; 05:20:29
     2:08'43" ; DC    ;  68,558 ;     mV ;       ; 05:20:30
     2:08'44" ; DC    ;  68,528 ;     mV ;       ; 05:20:31
     2:08'45" ; DC    ;  68,528 ;     mV ;       ; 05:20:32
     2:08'46" ; DC    ;  68,544 ;     mV ;       ; 05:20:33
     2:08'47" ; DC    ;  68,523 ;     mV ;       ; 05:20:34
     2:08'48" ; DC    ;  68,518 ;     mV ;       ; 05:20:35
     2:08'49" ; DC    ;  68,535 ;     mV ;       ; 05:20:36
     2:08'50" ; DC    ;  68,520 ;     mV ;       ; 05:20:37
     2:08'51" ; DC    ;  68,508 ;     mV ;       ; 05:20:38
     2:08'52" ; DC    ;  68,512 ;     mV ;       ; 05:20:39
     2:08'53" ; DC    ;  68,533 ;     mV ;       ; 05:20:40
     2:08'54" ; DC    ;  68,534 ;     mV ;       ; 05:20:41
     2:08'55" ; DC    ;  68,538 ;     mV ;       ; 05:20:42
     2:08'56" ; DC    ;  68,545 ;     mV ;       ; 05:20:43
     2:08'57" ; DC    ;  68,550 ;     mV ;       ; 05:20:44
     2:08'58" ; DC    ;  68,548 ;     mV ;       ; 05:20:45
     2:08'59" ; DC    ;  68,552 ;     mV ;       ; 05:20:46
     2:09'00" ; DC    ;  68,563 ;     mV ;       ; 05:20:47
     2:09'01" ; DC    ;  68,554 ;     mV ;       ; 05:20:48
     2:09'02" ; DC    ;  68,555 ;     mV ;       ; 05:20:49
     2:09'03" ; DC    ;  68,554 ;     mV ;       ; 05:20:50
     2:09'04" ; DC    ;  68,545 ;     mV ;       ; 05:20:51
     2:09'05" ; DC    ;  68,540 ;     mV ;       ; 05:20:52
     2:09'06" ; DC    ;  68,538 ;     mV ;       ; 05:20:53
     2:09'07" ; DC    ;  68,532 ;     mV ;       ; 05:20:54
     2:09'08" ; DC    ;  68,545 ;     mV ;       ; 05:20:55
     2:09'09" ; DC    ;  68,540 ;     mV ;       ; 05:20:56
     2:09'10" ; DC    ;  68,533 ;     mV ;       ; 05:20:57
     2:09'11" ; DC    ;  68,530 ;     mV ;       ; 05:20:58
     2:09'12" ; DC    ;  68,535 ;     mV ;       ; 05:20:59
     2:09'13" ; DC    ;  68,540 ;     mV ;       ; 05:21:00
     2:09'14" ; DC    ;  68,543 ;     mV ;       ; 05:21:01
     2:09'15" ; DC    ;  68,548 ;     mV ;       ; 05:21:02
     2:09'16" ; DC    ;  68,543 ;     mV ;       ; 05:21:03
     2:09'17" ; DC    ;  68,542 ;     mV ;       ; 05:21:04
     2:09'18" ; DC    ;  68,568 ;     mV ;       ; 05:21:05
     2:09'19" ; DC    ;  68,568 ;     mV ;       ; 05:21:06
     2:09'20" ; DC    ;  68,578 ;     mV ;       ; 05:21:07
     2:09'21" ; DC    ;  68,576 ;     mV ;       ; 05:21:08
     2:09'22" ; DC    ;  68,575 ;     mV ;       ; 05:21:09
     2:09'23" ; DC    ;  68,582 ;     mV ;       ; 05:21:10
     2:09'24" ; DC    ;  68,585 ;     mV ;       ; 05:21:11
     2:09'25" ; DC    ;  68,590 ;     mV ;       ; 05:21:12
     2:09'26" ; DC    ;  68,595 ;     mV ;       ; 05:21:13
     2:09'27" ; DC    ;  68,592 ;     mV ;       ; 05:21:14
     2:09'28" ; DC    ;  68,613 ;     mV ;       ; 05:21:15
     2:09'29" ; DC    ;  68,608 ;     mV ;       ; 05:21:16
     2:09'30" ; DC    ;  68,615 ;     mV ;       ; 05:21:17
     2:09'31" ; DC    ;  68,625 ;     mV ;       ; 05:21:18
     2:09'32" ; DC    ;  68,618 ;     mV ;       ; 05:21:19
     2:09'33" ; DC    ;  68,624 ;     mV ;       ; 05:21:20
     2:09'34" ; DC    ;  68,595 ;     mV ;       ; 05:21:21
     2:09'35" ; DC    ;  68,586 ;     mV ;       ; 05:21:22
     2:09'36" ; DC    ;  68,590 ;     mV ;       ; 05:21:23
     2:09'37" ; DC    ;  68,585 ;     mV ;       ; 05:21:24
     2:09'38" ; DC    ;  68,572 ;     mV ;       ; 05:21:25
     2:09'39" ; DC    ;  68,566 ;     mV ;       ; 05:21:26
     2:09'40" ; DC    ;  68,570 ;     mV ;       ; 05:21:27
     2:09'41" ; DC    ;  68,592 ;     mV ;       ; 05:21:28
     2:09'42" ; DC    ;  68,585 ;     mV ;       ; 05:21:29
     2:09'43" ; DC    ;  68,578 ;     mV ;       ; 05:21:30
     2:09'44" ; DC    ;  68,563 ;     mV ;       ; 05:21:31
     2:09'45" ; DC    ;  68,564 ;     mV ;       ; 05:21:32
     2:09'46" ; DC    ;  68,582 ;     mV ;       ; 05:21:33
     2:09'47" ; DC    ;  68,590 ;     mV ;       ; 05:21:34
     2:09'48" ; DC    ;  68,590 ;     mV ;       ; 05:21:35
     2:09'49" ; DC    ;  68,576 ;     mV ;       ; 05:21:36
     2:09'50" ; DC    ;  68,583 ;     mV ;       ; 05:21:37
     2:09'51" ; DC    ;  68,590 ;     mV ;       ; 05:21:38
     2:09'52" ; DC    ;  68,588 ;     mV ;       ; 05:21:39
     2:09'53" ; DC    ;  68,568 ;     mV ;       ; 05:21:40
     2:09'54" ; DC    ;  68,575 ;     mV ;       ; 05:21:41
     2:09'55" ; DC    ;  68,584 ;     mV ;       ; 05:21:42
     2:09'56" ; DC    ;  68,573 ;     mV ;       ; 05:21:43
     2:09'57" ; DC    ;  68,562 ;     mV ;       ; 05:21:44
     2:09'58" ; DC    ;  68,548 ;     mV ;       ; 05:21:45
     2:09'59" ; DC    ;  68,560 ;     mV ;       ; 05:21:46
     2:10'00" ; DC    ;  68,545 ;     mV ;       ; 05:21:47
     2:10'01" ; DC    ;  68,560 ;     mV ;       ; 05:21:48
     2:10'02" ; DC    ;  68,575 ;     mV ;       ; 05:21:49
     2:10'03" ; DC    ;  68,578 ;     mV ;       ; 05:21:50
     2:10'04" ; DC    ;  68,585 ;     mV ;       ; 05:21:51
     2:10'05" ; DC    ;  68,574 ;     mV ;       ; 05:21:52
     2:10'06" ; DC    ;  68,558 ;     mV ;       ; 05:21:53
     2:10'07" ; DC    ;  68,552 ;     mV ;       ; 05:21:54
     2:10'08" ; DC    ;  68,548 ;     mV ;       ; 05:21:55
     2:10'09" ; DC    ;  68,565 ;     mV ;       ; 05:21:56
     2:10'10" ; DC    ;  68,578 ;     mV ;       ; 05:21:57
     2:10'11" ; DC    ;  68,570 ;     mV ;       ; 05:21:58
     2:10'12" ; DC    ;  68,566 ;     mV ;       ; 05:21:59
     2:10'13" ; DC    ;  68,570 ;     mV ;       ; 05:22:00
     2:10'14" ; DC    ;  68,586 ;     mV ;       ; 05:22:01
     2:10'15" ; DC    ;  68,580 ;     mV ;       ; 05:22:02
     2:10'16" ; DC    ;  68,568 ;     mV ;       ; 05:22:03
     2:10'17" ; DC    ;  68,568 ;     mV ;       ; 05:22:04
     2:10'18" ; DC    ;  68,560 ;     mV ;       ; 05:22:05
     2:10'19" ; DC    ;  68,562 ;     mV ;       ; 05:22:06
     2:10'20" ; DC    ;  68,560 ;     mV ;       ; 05:22:07
     2:10'21" ; DC    ;  68,573 ;     mV ;       ; 05:22:08
     2:10'22" ; DC    ;  68,568 ;     mV ;       ; 05:22:09
     2:10'23" ; DC    ;  68,560 ;     mV ;       ; 05:22:10
     2:10'24" ; DC    ;  68,565 ;     mV ;       ; 05:22:11
